<?xml version="1.0" encoding="utf-8"?>
<annotation>
<folder>images</folder>
<filename>008257ee-burger_70.jpg</filename>
<source>
<database>MyDatabase</database>
<annotation>COCO2017</annotation>
<image>flickr</image>
<flickrid>NULL</flickrid>
<annotator>1</annotator>
</source>
<owner>
<flickrid>NULL</flickrid>
<name>Label Studio</name>
</owner>
<size>
<width>167</width>
<height>301</height>
<depth>3</depth>
</size>
<segmented>0</segmented>
<object>
<name>burger</name>
<pose>Unspecified</pose>
<truncated>0</truncated>
<difficult>0</difficult>
<bndbox>
<xmin>12</xmin>
<ymin>54</ymin>
<xmax>158</xmax>
<ymax>216</ymax>
</bndbox>
</object>
</annotation>
