<?xml version="1.0" encoding="utf-8"?>
<annotation>
<folder>images</folder>
<filename>012ce75a-burger_41.jpg</filename>
<source>
<database>MyDatabase</database>
<annotation>COCO2017</annotation>
<image>flickr</image>
<flickrid>NULL</flickrid>
<annotator>1</annotator>
</source>
<owner>
<flickrid>NULL</flickrid>
<name>Label Studio</name>
</owner>
<size>
<width>280</width>
<height>180</height>
<depth>3</depth>
</size>
<segmented>0</segmented>
<object>
<name>burger</name>
<pose>Unspecified</pose>
<truncated>0</truncated>
<difficult>0</difficult>
<bndbox>
<xmin>7</xmin>
<ymin>67</ymin>
<xmax>97</xmax>
<ymax>139</ymax>
</bndbox>
</object>
<object>
<name>burger</name>
<pose>Unspecified</pose>
<truncated>0</truncated>
<difficult>0</difficult>
<bndbox>
<xmin>86</xmin>
<ymin>81</ymin>
<xmax>143</xmax>
<ymax>146</ymax>
</bndbox>
</object>
</annotation>
