<?xml version="1.0" encoding="utf-8"?>
<annotation>
<folder>images</folder>
<filename>06544fd4-fries_37.jpg</filename>
<source>
<database>MyDatabase</database>
<annotation>COCO2017</annotation>
<image>flickr</image>
<flickrid>NULL</flickrid>
<annotator>1</annotator>
</source>
<owner>
<flickrid>NULL</flickrid>
<name>Label Studio</name>
</owner>
<size>
<width>183</width>
<height>275</height>
<depth>3</depth>
</size>
<segmented>0</segmented>
<object>
<name>fries</name>
<pose>Unspecified</pose>
<truncated>0</truncated>
<difficult>0</difficult>
<bndbox>
<xmin>38</xmin>
<ymin>69</ymin>
<xmax>179</xmax>
<ymax>248</ymax>
</bndbox>
</object>
</annotation>
