<?xml version="1.0" encoding="utf-8"?>
<annotation>
<folder>images</folder>
<filename>0a47f440-burger_3.jpeg</filename>
<source>
<database>MyDatabase</database>
<annotation>COCO2017</annotation>
<image>flickr</image>
<flickrid>NULL</flickrid>
<annotator>1</annotator>
</source>
<owner>
<flickrid>NULL</flickrid>
<name>Label Studio</name>
</owner>
<size>
<width>830</width>
<height>622</height>
<depth>3</depth>
</size>
<segmented>0</segmented>
<object>
<name>burger</name>
<pose>Unspecified</pose>
<truncated>0</truncated>
<difficult>0</difficult>
<bndbox>
<xmin>430</xmin>
<ymin>94</ymin>
<xmax>811</xmax>
<ymax>515</ymax>
</bndbox>
</object>
</annotation>
