<?xml version="1.0" encoding="utf-8"?>
<annotation>
<folder>images</folder>
<filename>0ed72a60-burger_34.jpg</filename>
<source>
<database>MyDatabase</database>
<annotation>COCO2017</annotation>
<image>flickr</image>
<flickrid>NULL</flickrid>
<annotator>1</annotator>
</source>
<owner>
<flickrid>NULL</flickrid>
<name>Label Studio</name>
</owner>
<size>
<width>480</width>
<height>480</height>
<depth>3</depth>
</size>
<segmented>0</segmented>
<object>
<name>burger</name>
<pose>Unspecified</pose>
<truncated>0</truncated>
<difficult>0</difficult>
<bndbox>
<xmin>33</xmin>
<ymin>46</ymin>
<xmax>389</xmax>
<ymax>437</ymax>
</bndbox>
</object>
</annotation>
