<?xml version="1.0" encoding="utf-8"?>
<annotation>
<folder>images</folder>
<filename>10660a38-burger_67.jpeg</filename>
<source>
<database>MyDatabase</database>
<annotation>COCO2017</annotation>
<image>flickr</image>
<flickrid>NULL</flickrid>
<annotator>1</annotator>
</source>
<owner>
<flickrid>NULL</flickrid>
<name>Label Studio</name>
</owner>
<size>
<width>500</width>
<height>451</height>
<depth>3</depth>
</size>
<segmented>0</segmented>
<object>
<name>burger</name>
<pose>Unspecified</pose>
<truncated>0</truncated>
<difficult>0</difficult>
<bndbox>
<xmin>28</xmin>
<ymin>35</ymin>
<xmax>485</xmax>
<ymax>416</ymax>
</bndbox>
</object>
</annotation>
