<?xml version="1.0" encoding="utf-8"?>
<annotation>
<folder>images</folder>
<filename>18a3ee8c-fries_63.jpg</filename>
<source>
<database>MyDatabase</database>
<annotation>COCO2017</annotation>
<image>flickr</image>
<flickrid>NULL</flickrid>
<annotator>1</annotator>
</source>
<owner>
<flickrid>NULL</flickrid>
<name>Label Studio</name>
</owner>
<size>
<width>829</width>
<height>515</height>
<depth>3</depth>
</size>
<segmented>0</segmented>
<object>
<name>fries</name>
<pose>Unspecified</pose>
<truncated>0</truncated>
<difficult>0</difficult>
<bndbox>
<xmin>318</xmin>
<ymin>89</ymin>
<xmax>544</xmax>
<ymax>272</ymax>
</bndbox>
</object>
</annotation>
