<?xml version="1.0" encoding="utf-8"?>
<annotation>
<folder>images</folder>
<filename>1a932479-burger_66.jpg</filename>
<source>
<database>MyDatabase</database>
<annotation>COCO2017</annotation>
<image>flickr</image>
<flickrid>NULL</flickrid>
<annotator>1</annotator>
</source>
<owner>
<flickrid>NULL</flickrid>
<name>Label Studio</name>
</owner>
<size>
<width>255</width>
<height>198</height>
<depth>3</depth>
</size>
<segmented>0</segmented>
<object>
<name>burger</name>
<pose>Unspecified</pose>
<truncated>0</truncated>
<difficult>0</difficult>
<bndbox>
<xmin>22</xmin>
<ymin>62</ymin>
<xmax>131</xmax>
<ymax>141</ymax>
</bndbox>
</object>
<object>
<name>burger</name>
<pose>Unspecified</pose>
<truncated>0</truncated>
<difficult>0</difficult>
<bndbox>
<xmin>139</xmin>
<ymin>71</ymin>
<xmax>230</xmax>
<ymax>138</ymax>
</bndbox>
</object>
</annotation>
