<?xml version="1.0" encoding="utf-8"?>
<annotation>
<folder>images</folder>
<filename>1cfe47fe-burger_65.jpg</filename>
<source>
<database>MyDatabase</database>
<annotation>COCO2017</annotation>
<image>flickr</image>
<flickrid>NULL</flickrid>
<annotator>1</annotator>
</source>
<owner>
<flickrid>NULL</flickrid>
<name>Label Studio</name>
</owner>
<size>
<width>450</width>
<height>300</height>
<depth>3</depth>
</size>
<segmented>0</segmented>
<object>
<name>burger</name>
<pose>Unspecified</pose>
<truncated>0</truncated>
<difficult>0</difficult>
<bndbox>
<xmin>107</xmin>
<ymin>62</ymin>
<xmax>381</xmax>
<ymax>261</ymax>
</bndbox>
</object>
</annotation>
