<?xml version="1.0" encoding="utf-8"?>
<annotation>
<folder>images</folder>
<filename>21917946-burger_26.jpg</filename>
<source>
<database>MyDatabase</database>
<annotation>COCO2017</annotation>
<image>flickr</image>
<flickrid>NULL</flickrid>
<annotator>1</annotator>
</source>
<owner>
<flickrid>NULL</flickrid>
<name>Label Studio</name>
</owner>
<size>
<width>306</width>
<height>165</height>
<depth>3</depth>
</size>
<segmented>0</segmented>
<object>
<name>burger</name>
<pose>Unspecified</pose>
<truncated>0</truncated>
<difficult>0</difficult>
<bndbox>
<xmin>54</xmin>
<ymin>55</ymin>
<xmax>174</xmax>
<ymax>144</ymax>
</bndbox>
</object>
</annotation>
