<?xml version="1.0" encoding="utf-8"?>
<annotation>
<folder>images</folder>
<filename>23edb1cd-burger_50.jpg</filename>
<source>
<database>MyDatabase</database>
<annotation>COCO2017</annotation>
<image>flickr</image>
<flickrid>NULL</flickrid>
<annotator>1</annotator>
</source>
<owner>
<flickrid>NULL</flickrid>
<name>Label Studio</name>
</owner>
<size>
<width>616</width>
<height>924</height>
<depth>3</depth>
</size>
<segmented>0</segmented>
<object>
<name>burger</name>
<pose>Unspecified</pose>
<truncated>0</truncated>
<difficult>0</difficult>
<bndbox>
<xmin>118</xmin>
<ymin>180</ymin>
<xmax>614</xmax>
<ymax>662</ymax>
</bndbox>
</object>
</annotation>
