<?xml version="1.0" encoding="utf-8"?>
<annotation>
<folder>images</folder>
<filename>28ce550f-fries_3.jpeg</filename>
<source>
<database>MyDatabase</database>
<annotation>COCO2017</annotation>
<image>flickr</image>
<flickrid>NULL</flickrid>
<annotator>1</annotator>
</source>
<owner>
<flickrid>NULL</flickrid>
<name>Label Studio</name>
</owner>
<size>
<width>650</width>
<height>325</height>
<depth>3</depth>
</size>
<segmented>0</segmented>
<object>
<name>fries</name>
<pose>Unspecified</pose>
<truncated>0</truncated>
<difficult>0</difficult>
<bndbox>
<xmin>46</xmin>
<ymin>15</ymin>
<xmax>418</xmax>
<ymax>324</ymax>
</bndbox>
</object>
</annotation>
