<?xml version="1.0" encoding="utf-8"?>
<annotation>
<folder>images</folder>
<filename>29dcbc60-burger_58.jpg</filename>
<source>
<database>MyDatabase</database>
<annotation>COCO2017</annotation>
<image>flickr</image>
<flickrid>NULL</flickrid>
<annotator>1</annotator>
</source>
<owner>
<flickrid>NULL</flickrid>
<name>Label Studio</name>
</owner>
<size>
<width>236</width>
<height>214</height>
<depth>3</depth>
</size>
<segmented>0</segmented>
<object>
<name>burger</name>
<pose>Unspecified</pose>
<truncated>0</truncated>
<difficult>0</difficult>
<bndbox>
<xmin>31</xmin>
<ymin>32</ymin>
<xmax>201</xmax>
<ymax>166</ymax>
</bndbox>
</object>
</annotation>
