<?xml version="1.0" encoding="utf-8"?>
<annotation>
<folder>images</folder>
<filename>3096dbec-fries_60.jpg</filename>
<source>
<database>MyDatabase</database>
<annotation>COCO2017</annotation>
<image>flickr</image>
<flickrid>NULL</flickrid>
<annotator>1</annotator>
</source>
<owner>
<flickrid>NULL</flickrid>
<name>Label Studio</name>
</owner>
<size>
<width>768</width>
<height>574</height>
<depth>3</depth>
</size>
<segmented>0</segmented>
<object>
<name>fries</name>
<pose>Unspecified</pose>
<truncated>0</truncated>
<difficult>0</difficult>
<bndbox>
<xmin>75</xmin>
<ymin>4</ymin>
<xmax>663</xmax>
<ymax>564</ymax>
</bndbox>
</object>
</annotation>
