<?xml version="1.0" encoding="utf-8"?>
<annotation>
<folder>images</folder>
<filename>3e01126a-burger_21.jpg</filename>
<source>
<database>MyDatabase</database>
<annotation>COCO2017</annotation>
<image>flickr</image>
<flickrid>NULL</flickrid>
<annotator>1</annotator>
</source>
<owner>
<flickrid>NULL</flickrid>
<name>Label Studio</name>
</owner>
<size>
<width>695</width>
<height>696</height>
<depth>3</depth>
</size>
<segmented>0</segmented>
<object>
<name>burger</name>
<pose>Unspecified</pose>
<truncated>0</truncated>
<difficult>0</difficult>
<bndbox>
<xmin>138</xmin>
<ymin>104</ymin>
<xmax>660</xmax>
<ymax>614</ymax>
</bndbox>
</object>
</annotation>
