<?xml version="1.0" encoding="utf-8"?>
<annotation>
<folder>images</folder>
<filename>5205949c-fries_12.jpeg</filename>
<source>
<database>MyDatabase</database>
<annotation>COCO2017</annotation>
<image>flickr</image>
<flickrid>NULL</flickrid>
<annotator>1</annotator>
</source>
<owner>
<flickrid>NULL</flickrid>
<name>Label Studio</name>
</owner>
<size>
<width>630</width>
<height>354</height>
<depth>3</depth>
</size>
<segmented>0</segmented>
<object>
<name>fries</name>
<pose>Unspecified</pose>
<truncated>0</truncated>
<difficult>0</difficult>
<bndbox>
<xmin>336</xmin>
<ymin>4</ymin>
<xmax>559</xmax>
<ymax>241</ymax>
</bndbox>
</object>
</annotation>
