<?xml version="1.0" encoding="utf-8"?>
<annotation>
<folder>images</folder>
<filename>6926f1b9-fries_11.jpeg</filename>
<source>
<database>MyDatabase</database>
<annotation>COCO2017</annotation>
<image>flickr</image>
<flickrid>NULL</flickrid>
<annotator>1</annotator>
</source>
<owner>
<flickrid>NULL</flickrid>
<name>Label Studio</name>
</owner>
<size>
<width>560</width>
<height>363</height>
<depth>3</depth>
</size>
<segmented>0</segmented>
<object>
<name>fries</name>
<pose>Unspecified</pose>
<truncated>0</truncated>
<difficult>0</difficult>
<bndbox>
<xmin>10</xmin>
<ymin>47</ymin>
<xmax>555</xmax>
<ymax>330</ymax>
</bndbox>
</object>
</annotation>
