<?xml version="1.0" encoding="utf-8"?>
<annotation>
<folder>images</folder>
<filename>7ad26bfd-fries_49.jpg</filename>
<source>
<database>MyDatabase</database>
<annotation>COCO2017</annotation>
<image>flickr</image>
<flickrid>NULL</flickrid>
<annotator>1</annotator>
</source>
<owner>
<flickrid>NULL</flickrid>
<name>Label Studio</name>
</owner>
<size>
<width>367</width>
<height>550</height>
<depth>3</depth>
</size>
<segmented>0</segmented>
<object>
<name>fries</name>
<pose>Unspecified</pose>
<truncated>0</truncated>
<difficult>0</difficult>
<bndbox>
<xmin>2</xmin>
<ymin>98</ymin>
<xmax>366</xmax>
<ymax>503</ymax>
</bndbox>
</object>
</annotation>
