<?xml version="1.0" encoding="utf-8"?>
<annotation>
<folder>images</folder>
<filename>80ce4570-fries_50.png</filename>
<source>
<database>MyDatabase</database>
<annotation>COCO2017</annotation>
<image>flickr</image>
<flickrid>NULL</flickrid>
<annotator>1</annotator>
</source>
<owner>
<flickrid>NULL</flickrid>
<name>Label Studio</name>
</owner>
<size>
<width>350</width>
<height>350</height>
<depth>4</depth>
</size>
<segmented>0</segmented>
<object>
<name>fries</name>
<pose>Unspecified</pose>
<truncated>0</truncated>
<difficult>0</difficult>
<bndbox>
<xmin>112</xmin>
<ymin>118</ymin>
<xmax>242</xmax>
<ymax>190</ymax>
</bndbox>
</object>
</annotation>
