<?xml version="1.0" encoding="utf-8"?>
<annotation>
<folder>images</folder>
<filename>8e8c605d-burger_46.jpg</filename>
<source>
<database>MyDatabase</database>
<annotation>COCO2017</annotation>
<image>flickr</image>
<flickrid>NULL</flickrid>
<annotator>1</annotator>
</source>
<owner>
<flickrid>NULL</flickrid>
<name>Label Studio</name>
</owner>
<size>
<width>720</width>
<height>406</height>
<depth>3</depth>
</size>
<segmented>0</segmented>
<object>
<name>burger</name>
<pose>Unspecified</pose>
<truncated>0</truncated>
<difficult>0</difficult>
<bndbox>
<xmin>157</xmin>
<ymin>19</ymin>
<xmax>521</xmax>
<ymax>405</ymax>
</bndbox>
</object>
</annotation>
