<?xml version="1.0" encoding="utf-8"?>
<annotation>
<folder>images</folder>
<filename>9899c120-fries_13.jpg</filename>
<source>
<database>MyDatabase</database>
<annotation>COCO2017</annotation>
<image>flickr</image>
<flickrid>NULL</flickrid>
<annotator>1</annotator>
</source>
<owner>
<flickrid>NULL</flickrid>
<name>Label Studio</name>
</owner>
<size>
<width>550</width>
<height>366</height>
<depth>3</depth>
</size>
<segmented>0</segmented>
<object>
<name>fries</name>
<pose>Unspecified</pose>
<truncated>0</truncated>
<difficult>0</difficult>
<bndbox>
<xmin>242</xmin>
<ymin>11</ymin>
<xmax>547</xmax>
<ymax>328</ymax>
</bndbox>
</object>
</annotation>
