<?xml version="1.0" encoding="utf-8"?>
<annotation>
<folder>images</folder>
<filename>997539c7-fries_30.jpg</filename>
<source>
<database>MyDatabase</database>
<annotation>COCO2017</annotation>
<image>flickr</image>
<flickrid>NULL</flickrid>
<annotator>1</annotator>
</source>
<owner>
<flickrid>NULL</flickrid>
<name>Label Studio</name>
</owner>
<size>
<width>780</width>
<height>438</height>
<depth>3</depth>
</size>
<segmented>0</segmented>
<object>
<name>fries</name>
<pose>Unspecified</pose>
<truncated>0</truncated>
<difficult>0</difficult>
<bndbox>
<xmin>163</xmin>
<ymin>136</ymin>
<xmax>321</xmax>
<ymax>287</ymax>
</bndbox>
</object>
</annotation>
