<?xml version="1.0" encoding="utf-8"?>
<annotation>
<folder>images</folder>
<filename>9b57b49c-burger_8.jpeg</filename>
<source>
<database>MyDatabase</database>
<annotation>COCO2017</annotation>
<image>flickr</image>
<flickrid>NULL</flickrid>
<annotator>1</annotator>
</source>
<owner>
<flickrid>NULL</flickrid>
<name>Label Studio</name>
</owner>
<size>
<width>500</width>
<height>375</height>
<depth>3</depth>
</size>
<segmented>0</segmented>
<object>
<name>burger</name>
<pose>Unspecified</pose>
<truncated>0</truncated>
<difficult>0</difficult>
<bndbox>
<xmin>69</xmin>
<ymin>0</ymin>
<xmax>309</xmax>
<ymax>202</ymax>
</bndbox>
</object>
<object>
<name>burger</name>
<pose>Unspecified</pose>
<truncated>0</truncated>
<difficult>0</difficult>
<bndbox>
<xmin>149</xmin>
<ymin>175</ymin>
<xmax>411</xmax>
<ymax>370</ymax>
</bndbox>
</object>
</annotation>
