<?xml version="1.0" encoding="utf-8"?>
<annotation>
<folder>images</folder>
<filename>9df21d26-fries_24.jpg</filename>
<source>
<database>MyDatabase</database>
<annotation>COCO2017</annotation>
<image>flickr</image>
<flickrid>NULL</flickrid>
<annotator>1</annotator>
</source>
<owner>
<flickrid>NULL</flickrid>
<name>Label Studio</name>
</owner>
<size>
<width>616</width>
<height>462</height>
<depth>3</depth>
</size>
<segmented>0</segmented>
<object>
<name>fries</name>
<pose>Unspecified</pose>
<truncated>0</truncated>
<difficult>0</difficult>
<bndbox>
<xmin>62</xmin>
<ymin>138</ymin>
<xmax>610</xmax>
<ymax>416</ymax>
</bndbox>
</object>
</annotation>
