<?xml version="1.0" encoding="utf-8"?>
<annotation>
<folder>images</folder>
<filename>a28ae75a-burger_52.jpg</filename>
<source>
<database>MyDatabase</database>
<annotation>COCO2017</annotation>
<image>flickr</image>
<flickrid>NULL</flickrid>
<annotator>1</annotator>
</source>
<owner>
<flickrid>NULL</flickrid>
<name>Label Studio</name>
</owner>
<size>
<width>590</width>
<height>560</height>
<depth>3</depth>
</size>
<segmented>0</segmented>
<object>
<name>burger</name>
<pose>Unspecified</pose>
<truncated>0</truncated>
<difficult>0</difficult>
<bndbox>
<xmin>88</xmin>
<ymin>18</ymin>
<xmax>589</xmax>
<ymax>474</ymax>
</bndbox>
</object>
</annotation>
