<?xml version="1.0" encoding="utf-8"?>
<annotation>
<folder>images</folder>
<filename>b4488bfd-burger_5.jpeg</filename>
<source>
<database>MyDatabase</database>
<annotation>COCO2017</annotation>
<image>flickr</image>
<flickrid>NULL</flickrid>
<annotator>1</annotator>
</source>
<owner>
<flickrid>NULL</flickrid>
<name>Label Studio</name>
</owner>
<size>
<width>767</width>
<height>639</height>
<depth>3</depth>
</size>
<segmented>0</segmented>
<object>
<name>burger</name>
<pose>Unspecified</pose>
<truncated>0</truncated>
<difficult>0</difficult>
<bndbox>
<xmin>112</xmin>
<ymin>71</ymin>
<xmax>652</xmax>
<ymax>572</ymax>
</bndbox>
</object>
</annotation>
