<?xml version="1.0" encoding="utf-8"?>
<annotation>
<folder>images</folder>
<filename>bdb99028-burger_28.png</filename>
<source>
<database>MyDatabase</database>
<annotation>COCO2017</annotation>
<image>flickr</image>
<flickrid>NULL</flickrid>
<annotator>1</annotator>
</source>
<owner>
<flickrid>NULL</flickrid>
<name>Label Studio</name>
</owner>
<size>
<width>768</width>
<height>595</height>
<depth>1</depth>
</size>
<segmented>0</segmented>
<object>
<name>burger</name>
<pose>Unspecified</pose>
<truncated>0</truncated>
<difficult>0</difficult>
<bndbox>
<xmin>136</xmin>
<ymin>4</ymin>
<xmax>656</xmax>
<ymax>572</ymax>
</bndbox>
</object>
</annotation>
