<?xml version="1.0" encoding="utf-8"?>
<annotation>
<folder>images</folder>
<filename>c20d7b91-burger_36.jpg</filename>
<source>
<database>MyDatabase</database>
<annotation>COCO2017</annotation>
<image>flickr</image>
<flickrid>NULL</flickrid>
<annotator>1</annotator>
</source>
<owner>
<flickrid>NULL</flickrid>
<name>Label Studio</name>
</owner>
<size>
<width>827</width>
<height>889</height>
<depth>3</depth>
</size>
<segmented>0</segmented>
<object>
<name>burger</name>
<pose>Unspecified</pose>
<truncated>0</truncated>
<difficult>0</difficult>
<bndbox>
<xmin>93</xmin>
<ymin>139</ymin>
<xmax>681</xmax>
<ymax>703</ymax>
</bndbox>
</object>
</annotation>
