<?xml version="1.0" encoding="utf-8"?>
<annotation>
<folder>images</folder>
<filename>c608d6a2-burger_11.jpeg</filename>
<source>
<database>MyDatabase</database>
<annotation>COCO2017</annotation>
<image>flickr</image>
<flickrid>NULL</flickrid>
<annotator>1</annotator>
</source>
<owner>
<flickrid>NULL</flickrid>
<name>Label Studio</name>
</owner>
<size>
<width>680</width>
<height>573</height>
<depth>3</depth>
</size>
<segmented>0</segmented>
<object>
<name>burger</name>
<pose>Unspecified</pose>
<truncated>0</truncated>
<difficult>0</difficult>
<bndbox>
<xmin>32</xmin>
<ymin>78</ymin>
<xmax>636</xmax>
<ymax>477</ymax>
</bndbox>
</object>
</annotation>
