<?xml version="1.0" encoding="utf-8"?>
<annotation>
<folder>images</folder>
<filename>c7414e38-fries_20.jpg</filename>
<source>
<database>MyDatabase</database>
<annotation>COCO2017</annotation>
<image>flickr</image>
<flickrid>NULL</flickrid>
<annotator>1</annotator>
</source>
<owner>
<flickrid>NULL</flickrid>
<name>Label Studio</name>
</owner>
<size>
<width>200</width>
<height>252</height>
<depth>3</depth>
</size>
<segmented>0</segmented>
<object>
<name>fries</name>
<pose>Unspecified</pose>
<truncated>0</truncated>
<difficult>0</difficult>
<bndbox>
<xmin>20</xmin>
<ymin>113</ymin>
<xmax>193</xmax>
<ymax>213</ymax>
</bndbox>
</object>
</annotation>
