<?xml version="1.0" encoding="utf-8"?>
<annotation>
<folder>images</folder>
<filename>c88bf538-burger_56.jpg</filename>
<source>
<database>MyDatabase</database>
<annotation>COCO2017</annotation>
<image>flickr</image>
<flickrid>NULL</flickrid>
<annotator>1</annotator>
</source>
<owner>
<flickrid>NULL</flickrid>
<name>Label Studio</name>
</owner>
<size>
<width>556</width>
<height>505</height>
<depth>3</depth>
</size>
<segmented>0</segmented>
<object>
<name>burger</name>
<pose>Unspecified</pose>
<truncated>0</truncated>
<difficult>0</difficult>
<bndbox>
<xmin>171</xmin>
<ymin>43</ymin>
<xmax>458</xmax>
<ymax>369</ymax>
</bndbox>
</object>
</annotation>
