<?xml version="1.0" encoding="utf-8"?>
<annotation>
<folder>images</folder>
<filename>c9c057c8-fries_10.jpeg</filename>
<source>
<database>MyDatabase</database>
<annotation>COCO2017</annotation>
<image>flickr</image>
<flickrid>NULL</flickrid>
<annotator>1</annotator>
</source>
<owner>
<flickrid>NULL</flickrid>
<name>Label Studio</name>
</owner>
<size>
<width>500</width>
<height>500</height>
<depth>3</depth>
</size>
<segmented>0</segmented>
<object>
<name>fries</name>
<pose>Unspecified</pose>
<truncated>0</truncated>
<difficult>0</difficult>
<bndbox>
<xmin>3</xmin>
<ymin>3</ymin>
<xmax>497</xmax>
<ymax>498</ymax>
</bndbox>
</object>
</annotation>
