<?xml version="1.0" encoding="utf-8"?>
<annotation>
<folder>images</folder>
<filename>cde7f00b-burger_29.jpg</filename>
<source>
<database>MyDatabase</database>
<annotation>COCO2017</annotation>
<image>flickr</image>
<flickrid>NULL</flickrid>
<annotator>1</annotator>
</source>
<owner>
<flickrid>NULL</flickrid>
<name>Label Studio</name>
</owner>
<size>
<width>190</width>
<height>266</height>
<depth>3</depth>
</size>
<segmented>0</segmented>
<object>
<name>burger</name>
<pose>Unspecified</pose>
<truncated>0</truncated>
<difficult>0</difficult>
<bndbox>
<xmin>34</xmin>
<ymin>94</ymin>
<xmax>165</xmax>
<ymax>207</ymax>
</bndbox>
</object>
</annotation>
