<?xml version="1.0" encoding="utf-8"?>
<annotation>
<folder>images</folder>
<filename>d95a4ae9-fries_7.jpeg</filename>
<source>
<database>MyDatabase</database>
<annotation>COCO2017</annotation>
<image>flickr</image>
<flickrid>NULL</flickrid>
<annotator>1</annotator>
</source>
<owner>
<flickrid>NULL</flickrid>
<name>Label Studio</name>
</owner>
<size>
<width>1080</width>
<height>617</height>
<depth>3</depth>
</size>
<segmented>0</segmented>
<object>
<name>fries</name>
<pose>Unspecified</pose>
<truncated>0</truncated>
<difficult>0</difficult>
<bndbox>
<xmin>340</xmin>
<ymin>65</ymin>
<xmax>745</xmax>
<ymax>347</ymax>
</bndbox>
</object>
<object>
<name>fries</name>
<pose>Unspecified</pose>
<truncated>0</truncated>
<difficult>0</difficult>
<bndbox>
<xmin>705</xmin>
<ymin>204</ymin>
<xmax>745</xmax>
<ymax>205</ymax>
</bndbox>
</object>
</annotation>
