<?xml version="1.0" encoding="utf-8"?>
<annotation>
<folder>images</folder>
<filename>def0f293-fries_9.jpeg</filename>
<source>
<database>MyDatabase</database>
<annotation>COCO2017</annotation>
<image>flickr</image>
<flickrid>NULL</flickrid>
<annotator>1</annotator>
</source>
<owner>
<flickrid>NULL</flickrid>
<name>Label Studio</name>
</owner>
<size>
<width>680</width>
<height>1020</height>
<depth>3</depth>
</size>
<segmented>0</segmented>
<object>
<name>fries</name>
<pose>Unspecified</pose>
<truncated>0</truncated>
<difficult>0</difficult>
<bndbox>
<xmin>5</xmin>
<ymin>162</ymin>
<xmax>679</xmax>
<ymax>909</ymax>
</bndbox>
</object>
</annotation>
