<?xml version="1.0" encoding="utf-8"?>
<annotation>
<folder>images</folder>
<filename>e4aa057c-burger_35.jpg</filename>
<source>
<database>MyDatabase</database>
<annotation>COCO2017</annotation>
<image>flickr</image>
<flickrid>NULL</flickrid>
<annotator>1</annotator>
</source>
<owner>
<flickrid>NULL</flickrid>
<name>Label Studio</name>
</owner>
<size>
<width>556</width>
<height>505</height>
<depth>3</depth>
</size>
<segmented>0</segmented>
<object>
<name>burger</name>
<pose>Unspecified</pose>
<truncated>0</truncated>
<difficult>0</difficult>
<bndbox>
<xmin>1</xmin>
<ymin>10</ymin>
<xmax>503</xmax>
<ymax>438</ymax>
</bndbox>
</object>
</annotation>
