<?xml version="1.0" encoding="utf-8"?>
<annotation>
<folder>images</folder>
<filename>f057bd9d-fries_21.png</filename>
<source>
<database>MyDatabase</database>
<annotation>COCO2017</annotation>
<image>flickr</image>
<flickrid>NULL</flickrid>
<annotator>1</annotator>
</source>
<owner>
<flickrid>NULL</flickrid>
<name>Label Studio</name>
</owner>
<size>
<width>600</width>
<height>600</height>
<depth>4</depth>
</size>
<segmented>0</segmented>
<object>
<name>fries</name>
<pose>Unspecified</pose>
<truncated>0</truncated>
<difficult>0</difficult>
<bndbox>
<xmin>53</xmin>
<ymin>105</ymin>
<xmax>552</xmax>
<ymax>506</ymax>
</bndbox>
</object>
</annotation>
