<?xml version="1.0" encoding="utf-8"?>
<annotation>
<folder>images</folder>
<filename>f0a24a91-burger_59.jpg</filename>
<source>
<database>MyDatabase</database>
<annotation>COCO2017</annotation>
<image>flickr</image>
<flickrid>NULL</flickrid>
<annotator>1</annotator>
</source>
<owner>
<flickrid>NULL</flickrid>
<name>Label Studio</name>
</owner>
<size>
<width>320</width>
<height>157</height>
<depth>3</depth>
</size>
<segmented>0</segmented>
<object>
<name>burger</name>
<pose>Unspecified</pose>
<truncated>0</truncated>
<difficult>0</difficult>
<bndbox>
<xmin>78</xmin>
<ymin>3</ymin>
<xmax>225</xmax>
<ymax>154</ymax>
</bndbox>
</object>
</annotation>
