<?xml version="1.0" encoding="utf-8"?>
<annotation>
<folder>images</folder>
<filename>f10688e1-burger_57.jpg</filename>
<source>
<database>MyDatabase</database>
<annotation>COCO2017</annotation>
<image>flickr</image>
<flickrid>NULL</flickrid>
<annotator>1</annotator>
</source>
<owner>
<flickrid>NULL</flickrid>
<name>Label Studio</name>
</owner>
<size>
<width>780</width>
<height>438</height>
<depth>3</depth>
</size>
<segmented>0</segmented>
<object>
<name>burger</name>
<pose>Unspecified</pose>
<truncated>0</truncated>
<difficult>0</difficult>
<bndbox>
<xmin>232</xmin>
<ymin>53</ymin>
<xmax>547</xmax>
<ymax>376</ymax>
</bndbox>
</object>
</annotation>
