<?xml version="1.0" encoding="utf-8"?>
<annotation>
<folder>images</folder>
<filename>f68d4b52-fries_67.png</filename>
<source>
<database>MyDatabase</database>
<annotation>COCO2017</annotation>
<image>flickr</image>
<flickrid>NULL</flickrid>
<annotator>1</annotator>
</source>
<owner>
<flickrid>NULL</flickrid>
<name>Label Studio</name>
</owner>
<size>
<width>800</width>
<height>419</height>
<depth>1</depth>
</size>
<segmented>0</segmented>
<object>
<name>fries</name>
<pose>Unspecified</pose>
<truncated>0</truncated>
<difficult>0</difficult>
<bndbox>
<xmin>63</xmin>
<ymin>91</ymin>
<xmax>458</xmax>
<ymax>379</ymax>
</bndbox>
</object>
</annotation>
