<?xml version="1.0" encoding="utf-8"?>
<annotation>
<folder>images</folder>
<filename>fb0addfe-fries_29.jpg</filename>
<source>
<database>MyDatabase</database>
<annotation>COCO2017</annotation>
<image>flickr</image>
<flickrid>NULL</flickrid>
<annotator>1</annotator>
</source>
<owner>
<flickrid>NULL</flickrid>
<name>Label Studio</name>
</owner>
<size>
<width>670</width>
<height>415</height>
<depth>3</depth>
</size>
<segmented>0</segmented>
<object>
<name>fries</name>
<pose>Unspecified</pose>
<truncated>0</truncated>
<difficult>0</difficult>
<bndbox>
<xmin>106</xmin>
<ymin>30</ymin>
<xmax>649</xmax>
<ymax>368</ymax>
</bndbox>
</object>
</annotation>
