<?xml version="1.0" encoding="utf-8"?>
<annotation>
<folder>images</folder>
<filename>fdf064b8-burger_42.jpg</filename>
<source>
<database>MyDatabase</database>
<annotation>COCO2017</annotation>
<image>flickr</image>
<flickrid>NULL</flickrid>
<annotator>1</annotator>
</source>
<owner>
<flickrid>NULL</flickrid>
<name>Label Studio</name>
</owner>
<size>
<width>575</width>
<height>754</height>
<depth>3</depth>
</size>
<segmented>0</segmented>
<object>
<name>burger</name>
<pose>Unspecified</pose>
<truncated>0</truncated>
<difficult>0</difficult>
<bndbox>
<xmin>188</xmin>
<ymin>130</ymin>
<xmax>574</xmax>
<ymax>672</ymax>
</bndbox>
</object>
</annotation>
